-- MySQL dump 10.13  Distrib 8.0.19, for Win64 (x86_64)
--
-- Host: 127.0.0.1    Database: algorder
-- ------------------------------------------------------
-- Server version	5.7.31

/*!40101 SET @OLD_CHARACTER_SET_CLIENT=@@CHARACTER_SET_CLIENT */;
/*!40101 SET @OLD_CHARACTER_SET_RESULTS=@@CHARACTER_SET_RESULTS */;
/*!40101 SET @OLD_COLLATION_CONNECTION=@@COLLATION_CONNECTION */;
/*!50503 SET NAMES utf8 */;
/*!40103 SET @OLD_TIME_ZONE=@@TIME_ZONE */;
/*!40103 SET TIME_ZONE='+00:00' */;
/*!40014 SET @OLD_UNIQUE_CHECKS=@@UNIQUE_CHECKS, UNIQUE_CHECKS=0 */;
/*!40014 SET @OLD_FOREIGN_KEY_CHECKS=@@FOREIGN_KEY_CHECKS, FOREIGN_KEY_CHECKS=0 */;
/*!40101 SET @OLD_SQL_MODE=@@SQL_MODE, SQL_MODE='NO_AUTO_VALUE_ON_ZERO' */;
/*!40111 SET @OLD_SQL_NOTES=@@SQL_NOTES, SQL_NOTES=0 */;

--
-- Table structure for table `tb_branch_transaction`
--

DROP TABLE IF EXISTS `tb_branch_transaction`;
/*!40101 SET @saved_cs_client     = @@character_set_client */;
/*!50503 SET character_set_client = utf8mb4 */;
CREATE TABLE `tb_branch_transaction` (
  `id` bigint(20) NOT NULL AUTO_INCREMENT,
  `xid` varchar(128) CHARACTER SET utf8mb4 COLLATE utf8mb4_unicode_ci NOT NULL,
  `branch_id` bigint(20) NOT NULL,
  `args_json` varchar(512) CHARACTER SET utf8mb4 COLLATE utf8mb4_unicode_ci DEFAULT NULL,
  `status` int(11) DEFAULT NULL COMMENT '1，初始化；2，已提交；3，已回滚',
  `create_time` datetime NOT NULL DEFAULT CURRENT_TIMESTAMP,
  `modifiy_time` datetime DEFAULT NULL ON UPDATE CURRENT_TIMESTAMP,
  `order_id` bigint(20) NOT NULL COMMENT '该事务产生的订单Id',
  PRIMARY KEY (`id`),
  UNIQUE KEY `xid` (`xid`,`branch_id`)
) ENGINE=InnoDB AUTO_INCREMENT=133 DEFAULT CHARSET=utf8mb4 COMMENT='事务记录表';
/*!40101 SET character_set_client = @saved_cs_client */;

--
-- Dumping data for table `tb_branch_transaction`
--

LOCK TABLES `tb_branch_transaction` WRITE;
/*!40000 ALTER TABLE `tb_branch_transaction` DISABLE KEYS */;
INSERT INTO `tb_branch_transaction` VALUES (3,'106.13.226.209:8091:33945380706074624',33945382232801280,NULL,2,'2020-08-04 16:06:50','2020-08-04 16:06:50',2562303700566016),(4,'106.13.226.209:8091:33945714392317952',33945715830964224,NULL,2,'2020-08-04 16:08:09','2020-08-04 16:08:10',2562637269368832),(5,'106.13.226.209:8091:33945722252443648',33945723519123456,NULL,2,'2020-08-04 16:08:11','2020-08-04 16:08:11',2562644869447680),(6,'106.13.226.209:8091:33945729449869312',33945730607497216,NULL,2,'2020-08-04 16:08:13','2020-08-04 16:08:13',2562651978792960),(7,'106.13.226.209:8091:33945736139784192',33945737658122240,NULL,2,'2020-08-04 16:08:14','2020-08-04 16:08:15',2562659016835072),(8,'106.13.226.209:8091:33945743089745920',33945744192847872,NULL,2,'2020-08-04 16:08:16','2020-08-04 16:08:16',2562665518006272),(9,'106.13.226.209:8091:33945749653831680',33945750849208320,NULL,2,'2020-08-04 16:08:17','2020-08-04 16:08:18',2562672182755328),(10,'106.13.226.209:8091:33945756062728192',33945757337796608,NULL,2,'2020-08-04 16:08:19','2020-08-04 16:08:19',2562678658760704),(11,'106.13.226.209:8091:33945762538733568',33945763746693120,NULL,2,'2020-08-04 16:08:20','2020-08-04 16:08:21',2562685113794560),(12,'106.13.226.209:8091:33945769220259840',33945770663100416,NULL,2,'2020-08-04 16:08:22','2020-08-04 16:08:23',2562692000841728),(13,'106.13.226.209:8091:33945776186998784',33945777432707072,NULL,2,'2020-08-04 16:08:24','2020-08-04 16:08:24',2562698745282560),(14,'106.13.226.209:8091:33945782876913664',33945784424611840,NULL,2,'2020-08-04 16:08:25','2020-08-04 16:08:26',2562705787518976),(15,'106.13.226.209:8091:33945790535712768',33945792439926784,NULL,2,'2020-08-04 16:08:27','2020-08-04 16:08:28',2562713773473792),(16,'106.13.226.209:8091:33945798244843520',33945799704461312,NULL,2,'2020-08-04 16:08:29','2020-08-04 16:08:30',2562721142865920),(17,'106.13.226.209:8091:33945806113357824',33945807740747776,NULL,2,'2020-08-04 16:08:31','2020-08-04 16:08:31',2562729065906176),(18,'106.13.226.209:8091:33945813784739840',33945815135305728,NULL,2,'2020-08-04 16:08:33','2020-08-04 16:08:33',2562736460464128),(19,'106.13.226.209:8091:33945821372235776',33945823028985856,NULL,2,'2020-08-04 16:08:35','2020-08-04 16:08:35',2562744412864512),(20,'106.13.226.209:8091:33945828800348160',33945830159302656,NULL,2,'2020-08-04 16:08:36','2020-08-04 16:08:37',2562751488655360),(21,'106.13.226.209:8091:33945836173934592',33945837549666304,NULL,2,'2020-08-04 16:08:38','2020-08-04 16:08:39',2562758958710784),(22,'106.13.226.209:8091:33945843589464064',33945844935835648,NULL,2,'2020-08-04 16:08:40','2020-08-04 16:08:40',2562766307131392),(23,'192.168.1.5:8091:34043370012692480',34043370587312128,NULL,2,'2020-08-04 22:36:12','2020-08-04 22:36:12',2660288526614528),(24,'192.168.1.5:8091:34043399796445184',34043399850971136,NULL,2,'2020-08-04 22:36:19','2020-08-04 22:36:19',2660317576364032),(25,'192.168.1.5:8091:34043404863164416',34043404921884672,NULL,2,'2020-08-04 22:36:20','2020-08-04 22:36:20',2660322651471872),(26,'192.168.1.5:8091:34043408029863936',34043408096972800,NULL,2,'2020-08-04 22:36:20','2020-08-04 22:36:21',2660325826560000),(27,'192.168.1.5:8091:34043411007819776',34043411058151424,NULL,2,'2020-08-04 22:36:21','2020-08-04 22:36:21',2660328779350016),(28,'192.168.1.5:8091:34043413406961664',34043413461487616,NULL,2,'2020-08-04 22:36:22','2020-08-04 22:36:22',2660331186880512),(29,'192.168.1.5:8091:34043415181152256',34043415227289600,NULL,2,'2020-08-04 22:36:22','2020-08-04 22:36:22',2660332952682496),(30,'192.168.1.5:8091:34043416661741568',34043416724656128,NULL,2,'2020-08-04 22:36:23','2020-08-04 22:36:23',2660334454243328),(31,'192.168.1.5:8091:34043427936030720',34043427977973760,NULL,2,'2020-08-04 22:36:25','2020-08-04 22:36:25',2660345703366656),(32,'192.168.1.5:8091:34043430381309952',34043430423252992,NULL,2,'2020-08-04 22:36:26','2020-08-04 22:36:26',2660348190588928),(33,'192.168.1.5:8091:34043432755286016',34043432797229056,NULL,2,'2020-08-04 22:36:26','2020-08-04 22:36:26',2660350522621952),(34,'192.168.1.5:8091:34043435108290560',34043435150233600,NULL,2,'2020-08-04 22:36:27','2020-08-04 22:36:27',2660352875626496),(35,'192.168.1.5:8091:34043437582929920',34043437633261568,NULL,2,'2020-08-04 22:36:28','2020-08-04 22:36:28',2660355354460160),(36,'192.168.1.5:8091:34043439839465472',34043439881408512,NULL,2,'2020-08-04 22:36:28','2020-08-04 22:36:28',2660357606801408),(37,'192.168.1.5:8091:34043442116972544',34043442154721280,NULL,2,'2020-08-04 22:36:29','2020-08-04 22:36:29',2660359875919872),(38,'192.168.1.5:8091:34043444428034048',34043444482560000,NULL,2,'2020-08-04 22:36:29','2020-08-04 22:36:29',2660362207952896),(39,'192.168.1.5:8091:34043446537768960',34043446579712000,NULL,2,'2020-08-04 22:36:30','2020-08-04 22:36:30',2660364300910592),(40,'192.168.1.5:8091:34043448827858944',34043448869801984,NULL,2,'2020-08-04 22:36:30','2020-08-04 22:36:30',2660366595194880),(41,'192.168.1.5:8091:34043450534940672',34043450568495104,NULL,2,'2020-08-04 22:36:31','2020-08-04 22:36:31',2660368293888000),(42,'192.168.1.5:8091:34043452795670528',34043452841807872,NULL,2,'2020-08-04 22:36:31','2020-08-04 22:36:31',2660370563006464),(43,'192.168.1.5:8091:34043454725050368',34043454762799104,NULL,2,'2020-08-04 22:36:32','2020-08-04 22:36:32',2660372483997696),(44,'192.168.1.5:8091:34043456918671360',34043456960614400,NULL,2,'2020-08-04 22:36:32','2020-08-04 22:36:32',2660374681812992),(45,'192.168.1.5:8091:34043459108098048',34043459141652480,NULL,2,'2020-08-04 22:36:33','2020-08-04 22:36:33',2660376862851072),(46,'192.168.1.5:8091:34043461192667136',34043461230415872,NULL,2,'2020-08-04 22:36:33','2020-08-04 22:36:33',2660378955808768),(47,'192.168.1.5:8091:34043463390482432',34043463428231168,NULL,2,'2020-08-04 22:36:34','2020-08-04 22:36:34',2660381149429760),(48,'192.168.1.5:8091:34043465504411648',34043465542160384,NULL,2,'2020-08-04 22:36:34','2020-08-04 22:36:34',2660383263358976),(49,'192.168.1.5:8091:34043467710615552',34043467748364288,NULL,2,'2020-08-04 22:36:35','2020-08-04 22:36:35',2660385469562880),(50,'192.168.1.5:8091:34043469870682112',34043469908430848,NULL,2,'2020-08-04 22:36:35','2020-08-04 22:36:35',2660387629629440),(51,'192.168.1.5:8091:34043471921696768',34043471959445504,NULL,2,'2020-08-04 22:36:36','2020-08-04 22:36:36',2660389680644096),(52,'192.168.1.5:8091:34043473867853824',34043473905602560,NULL,2,'2020-08-04 22:36:36','2020-08-04 22:36:36',2660391622606848),(53,'192.168.1.5:8091:34043476027920384',34043476065669120,NULL,2,'2020-08-04 22:36:37','2020-08-04 22:36:37',2660393786867712),(54,'192.168.1.5:8091:34043477940523008',34043477982466048,NULL,2,'2020-08-04 22:36:37','2020-08-04 22:36:37',2660395703664640),(55,'192.168.1.5:8091:34043480079618048',34043480113172480,NULL,2,'2020-08-04 22:36:38','2020-08-04 22:36:38',2660397838565376),(56,'192.168.1.5:8091:34043482050940928',34043482084495360,NULL,2,'2020-08-04 22:36:38','2020-08-04 22:36:38',2660399809888256),(57,'192.168.1.5:8091:34043484273922048',34043484311670784,NULL,2,'2020-08-04 22:36:39','2020-08-04 22:36:39',2660402032869376),(58,'192.168.1.5:8091:34043486211690496',34043486245244928,NULL,2,'2020-08-04 22:36:39','2020-08-04 22:36:39',2660403966443520),(59,'192.168.1.5:8091:34043488292065280',34043488325619712,NULL,2,'2020-08-04 22:36:40','2020-08-04 22:36:40',2660406046818304),(60,'192.168.1.5:8091:34043490204667904',34043490242416640,NULL,2,'2020-08-04 22:36:40','2020-08-04 22:36:40',2660407972003840),(61,'192.168.1.5:8091:34043492347957248',34043492381511680,NULL,2,'2020-08-04 22:36:41','2020-08-04 22:36:41',2660410102710272),(62,'192.168.1.5:8091:34043494231199744',34043494264754176,NULL,2,'2020-08-04 22:36:41','2020-08-04 22:36:41',2660411985952768),(63,'192.168.1.5:8091:34043496173162496',34043496202522624,NULL,2,'2020-08-04 22:36:41','2020-08-04 22:36:42',2660413923721216),(64,'192.168.1.5:8091:34043498324840448',34043498358394880,NULL,2,'2020-08-04 22:36:42','2020-08-04 22:36:42',2660416079593472),(65,'192.168.1.5:8091:34043500266803200',34043500300357632,NULL,2,'2020-08-04 22:36:42','2020-08-04 22:36:42',2660418021556224),(66,'192.168.1.5:8091:34043502028410880',34043502057771008,NULL,2,'2020-08-04 22:36:43','2020-08-04 22:36:43',2660419778969600),(67,'192.168.1.5:8091:34043503978762240',34043504012316672,NULL,2,'2020-08-04 22:36:43','2020-08-04 22:36:43',2660421733515264),(68,'192.168.1.5:8091:34043505908142080',34043505941696512,NULL,2,'2020-08-04 22:36:44','2020-08-04 22:36:44',2660423662895104),(69,'192.168.1.5:8091:34043507883659264',34043507917213696,NULL,2,'2020-08-04 22:36:44','2020-08-04 22:36:44',2660425638412288),(70,'192.168.1.5:8091:34043509683015680',34043509716570112,NULL,2,'2020-08-04 22:36:45','2020-08-04 22:36:45',2660427437768704),(71,'192.168.1.5:8091:34043511453011968',34043511490760704,NULL,2,'2020-08-04 22:36:45','2020-08-04 22:36:45',2660429211959296),(72,'192.168.1.5:8091:34043513151705088',34043513185259520,NULL,2,'2020-08-04 22:36:46','2020-08-04 22:36:46',2660430906458112),(73,'192.168.1.5:8091:34043515068502016',34043515102056448,NULL,2,'2020-08-04 22:36:46','2020-08-04 22:36:46',2660432819060736),(74,'192.168.1.5:8091:34043516880441344',34043516918190080,NULL,2,'2020-08-04 22:36:46','2020-08-04 22:36:46',2660434639388672),(75,'192.168.1.5:8091:34043518667214848',34043518700769280,NULL,2,'2020-08-04 22:36:47','2020-08-04 22:36:47',2660436417773568),(76,'192.168.1.5:8091:34043520462376960',34043520508514304,NULL,2,'2020-08-04 22:36:47','2020-08-04 22:36:47',2660438238101504),(77,'192.168.1.5:8091:34043522337230848',34043522370785280,NULL,2,'2020-08-04 22:36:48','2020-08-04 22:36:48',2660440091983872),(78,'192.168.1.5:8091:34043523981398016',34043524014952448,NULL,2,'2020-08-04 22:36:48','2020-08-04 22:36:48',2660441731956736),(79,'192.168.1.5:8091:34043525713645568',34043525747200000,NULL,2,'2020-08-04 22:36:49','2020-08-04 22:36:49',2660443468398592),(80,'192.168.1.5:8091:34043527458476032',34043527492030464,NULL,2,'2020-08-04 22:36:49','2020-08-04 22:36:49',2660445209034752),(81,'192.168.1.5:8091:34043529207500800',34043529241055232,NULL,2,'2020-08-04 22:36:49','2020-08-04 22:36:49',2660446962253824),(82,'192.168.1.5:8091:34043530973302784',34043531011051520,NULL,2,'2020-08-04 22:36:50','2020-08-04 22:36:50',2660448732250112),(83,'192.168.1.5:8091:34043532776853504',34043532810407936,NULL,2,'2020-08-04 22:36:50','2020-08-04 22:36:50',2660450527412224),(84,'192.168.1.5:8091:34043534530072576',34043534563627008,NULL,2,'2020-08-04 22:36:51','2020-08-04 22:36:51',2660452280631296),(85,'192.168.1.5:8091:34043536312651776',34043536358789120,NULL,2,'2020-08-04 22:36:51','2020-08-04 22:36:51',2660454084182016),(86,'192.168.1.5:8091:34043538065870848',34043538095230976,NULL,2,'2020-08-04 22:36:51','2020-08-04 22:36:51',2660455816429568),(87,'192.168.1.5:8091:34043539823284224',34043539856838656,NULL,2,'2020-08-04 22:36:52','2020-08-04 22:36:52',2660457578037248),(88,'192.168.1.5:8091:34043541576503296',34043541605863424,NULL,2,'2020-08-04 22:36:52','2020-08-04 22:36:52',2660459322867712),(89,'192.168.1.5:8091:34043543371665408',34043543413608448,NULL,2,'2020-08-04 22:36:53','2020-08-04 22:36:53',2660461134807040),(90,'192.168.1.5:8091:34043545137467392',34043545166827520,NULL,2,'2020-08-04 22:36:53','2020-08-04 22:36:53',2660462883831808),(91,'192.168.1.5:8091:34043546907463680',34043546936823808,NULL,2,'2020-08-04 22:36:54','2020-08-04 22:36:54',2660464658022400),(92,'192.168.1.5:8091:34043548656488448',34043548690042880,NULL,2,'2020-08-04 22:36:54','2020-08-04 22:36:54',2660466407047168),(93,'192.168.1.5:8091:34043550246129664',34043550283878400,NULL,2,'2020-08-04 22:36:54','2020-08-04 22:36:54',2660468000882688),(94,'192.168.1.5:8091:34043551777050624',34043551806410752,NULL,2,'2020-08-04 22:36:55','2020-08-04 22:36:55',2660469527609344),(95,'192.168.1.5:8091:34043613722726400',34043613760475136,NULL,2,'2020-08-04 22:37:10','2020-08-04 22:37:10',2660531481673728),(96,'192.168.1.5:8091:34043615756963840',34043615790518272,NULL,2,'2020-08-04 22:37:10','2020-08-04 22:37:10',2660533507522560),(97,'192.168.1.5:8091:34043617652789248',34043617682149376,NULL,2,'2020-08-04 22:37:10','2020-08-04 22:37:10',2660535407542272),(98,'192.168.1.5:8091:34043619456339968',34043619485700096,NULL,2,'2020-08-04 22:37:11','2020-08-04 22:37:11',2660537202704384),(99,'192.168.1.5:8091:34043621058564096',34043621087924224,NULL,2,'2020-08-04 22:37:11','2020-08-04 22:37:11',2660538804928512),(100,'192.168.1.5:8091:34043622744674304',34043622782423040,NULL,2,'2020-08-04 22:37:12','2020-08-04 22:37:12',2660540499427328),(101,'192.168.1.5:8091:34043624342704128',34043624372064256,NULL,2,'2020-08-04 22:37:12','2020-08-04 22:37:12',2660542089068544),(102,'192.168.1.5:8091:34043626074951680',34043626108506112,NULL,2,'2020-08-04 22:37:12','2020-08-04 22:37:12',2660543829704704),(103,'192.168.1.5:9091:36934265422761984',36934265473093632,NULL,2,'2020-08-12 22:03:35','2020-08-12 22:03:35',5551183253012480),(104,'192.168.1.5:9091:36934275468120064',36934275514257408,NULL,2,'2020-08-12 22:03:37','2020-08-12 22:03:37',5551193239650304),(106,'192.168.1.5:9091:36939612615102464',36939644424704000,NULL,3,'2020-08-12 22:24:57',NULL,-1),(108,'192.168.1.5:9091:36939981189566464',36939981231509504,NULL,3,'2020-08-12 22:26:17',NULL,-1),(110,'192.168.1.5:9091:36939999531257856',36939999564812288,NULL,3,'2020-08-12 22:26:22',NULL,-1),(112,'192.168.1.5:9091:36940002588905472',36940002626654208,NULL,3,'2020-08-12 22:26:22',NULL,-1),(114,'192.168.1.5:9091:36940005231316992',36940005269065728,NULL,3,'2020-08-12 22:26:23',NULL,-1),(116,'192.168.1.5:9091:36940010415476736',36940010449031168,NULL,3,'2020-08-12 22:26:24',NULL,-1),(118,'192.168.1.5:9091:36940012625874944',36940012659429376,NULL,3,'2020-08-12 22:26:25',NULL,-1),(120,'192.168.1.5:9091:36940014563643392',36940014601392128,NULL,3,'2020-08-12 22:26:25',NULL,-1),(122,'192.168.1.5:9091:36940016287502336',36940016321056768,NULL,3,'2020-08-12 22:26:26',NULL,-1),(124,'192.168.1.5:9091:36940018195910656',36940018229465088,NULL,3,'2020-08-12 22:26:26',NULL,-1),(126,'192.168.1.5:9091:36940019890409472',36940019923963904,NULL,3,'2020-08-12 22:26:27',NULL,-1),(128,'192.168.1.5:9091:36940021568131072',36940021605879808,NULL,3,'2020-08-12 22:26:27',NULL,-1),(130,'192.168.1.5:9091:36940023279407104',36940023317155840,NULL,3,'2020-08-12 22:26:27',NULL,-1),(132,'192.168.1.5:9091:36940024952934400',36940024986488832,NULL,3,'2020-08-12 22:26:28',NULL,-1);
/*!40000 ALTER TABLE `tb_branch_transaction` ENABLE KEYS */;
UNLOCK TABLES;

--
-- Table structure for table `tb_carts`
--

DROP TABLE IF EXISTS `tb_carts`;
/*!40101 SET @saved_cs_client     = @@character_set_client */;
/*!50503 SET character_set_client = utf8mb4 */;
CREATE TABLE `tb_carts` (
  `id` bigint(20) NOT NULL AUTO_INCREMENT,
  `product_extend_id` bigint(20) NOT NULL COMMENT '扩展商品id',
  `user_id` bigint(20) NOT NULL COMMENT '用户id',
  `product_num` int(11) NOT NULL COMMENT '商品数量',
  `status` int(11) DEFAULT '1' COMMENT '是否有效  0:无效 1:有效',
  PRIMARY KEY (`id`)
) ENGINE=InnoDB DEFAULT CHARSET=utf8mb4 COMMENT='购物车表';
/*!40101 SET character_set_client = @saved_cs_client */;

--
-- Dumping data for table `tb_carts`
--

LOCK TABLES `tb_carts` WRITE;
/*!40000 ALTER TABLE `tb_carts` DISABLE KEYS */;
/*!40000 ALTER TABLE `tb_carts` ENABLE KEYS */;
UNLOCK TABLES;

--
-- Table structure for table `tb_order`
--

DROP TABLE IF EXISTS `tb_order`;
/*!40101 SET @saved_cs_client     = @@character_set_client */;
/*!50503 SET character_set_client = utf8mb4 */;
CREATE TABLE `tb_order` (
  `order_id` bigint(20) NOT NULL COMMENT '订单id',
  `user_id` bigint(20) NOT NULL COMMENT '用户id',
  `total_price` decimal(12,2) NOT NULL COMMENT '总价格',
  `status` int(11) DEFAULT '1' COMMENT '0失效  1待确定状态 2未付款  3付款失败  4成功',
  `create_time` datetime DEFAULT CURRENT_TIMESTAMP,
  `modidy_time` datetime DEFAULT NULL ON UPDATE CURRENT_TIMESTAMP,
  PRIMARY KEY (`order_id`)
) ENGINE=InnoDB DEFAULT CHARSET=utf8mb4 COMMENT='订单表';
/*!40101 SET character_set_client = @saved_cs_client */;

--
-- Dumping data for table `tb_order`
--

LOCK TABLES `tb_order` WRITE;
/*!40000 ALTER TABLE `tb_order` DISABLE KEYS */;
/*!40000 ALTER TABLE `tb_order` ENABLE KEYS */;
UNLOCK TABLES;

--
-- Table structure for table `tb_order_product`
--

DROP TABLE IF EXISTS `tb_order_product`;
/*!40101 SET @saved_cs_client     = @@character_set_client */;
/*!50503 SET character_set_client = utf8mb4 */;
CREATE TABLE `tb_order_product` (
  `order_id` bigint(20) NOT NULL COMMENT '订单id',
  `product_id` bigint(20) NOT NULL COMMENT '商品id',
  `product_num` int(11) NOT NULL COMMENT '商品数量',
  `product_price` decimal(12,2) NOT NULL COMMENT '购买时商品价格',
  PRIMARY KEY (`order_id`,`product_id`)
) ENGINE=InnoDB DEFAULT CHARSET=utf8mb4 COMMENT='订单商品表';
/*!40101 SET character_set_client = @saved_cs_client */;

--
-- Dumping data for table `tb_order_product`
--

LOCK TABLES `tb_order_product` WRITE;
/*!40000 ALTER TABLE `tb_order_product` DISABLE KEYS */;
INSERT INTO `tb_order_product` VALUES (2293979368456192,1,1,10.00),(2295384833589248,1,1,10.00),(2295389170499584,1,1,10.00),(2527501953859584,1,1,10.00),(2532099867344896,1,1,10.00),(2539719898497024,1,1,10.00),(2539858746736640,1,1,10.00),(2539980285083648,1,1,10.00),(2539981660815360,1,1,10.00),(2541001921069056,1,1,10.00),(2541409531920384,1,1,10.00),(2541422257438720,1,1,10.00),(2541439437307904,1,1,10.00),(2541665661288448,1,1,10.00),(2542004032569344,1,1,10.00),(2543214223491072,1,1,10.00),(2543214298988544,1,1,10.00),(2543215439839232,1,1,10.00),(2543485745954816,1,1,10.00),(2543769167659008,1,1,10.00),(2543805553246208,1,1,10.00),(2543805867819008,1,1,10.00),(2548122150567936,1,1,10.00),(2548153083559936,1,1,10.00),(2548153591070720,1,1,10.00),(2548332180340736,1,1,10.00),(2548361171369984,1,1,10.00),(2548361334947840,1,1,10.00),(2549967925346304,1,1,10.00),(2550126474231808,1,1,10.00),(2550497317814272,1,1,10.00),(2550809822822400,1,1,10.00),(2551140396892160,1,1,10.00),(2551719806435328,1,1,10.00),(2552966353584128,1,1,10.00),(2561554694340608,1,1,10.00),(2562303700566016,1,1,10.00),(2562637269368832,1,1,10.00),(2562644869447680,1,1,10.00),(2562651978792960,1,1,10.00),(2562659016835072,1,1,10.00),(2562665518006272,1,1,10.00),(2562672182755328,1,1,10.00),(2562678658760704,1,1,10.00),(2562685113794560,1,1,10.00),(2562692000841728,1,1,10.00),(2562698745282560,1,1,10.00),(2562705787518976,1,1,10.00),(2562713773473792,1,1,10.00),(2562721142865920,1,1,10.00),(2562729065906176,1,1,10.00),(2562736460464128,1,1,10.00),(2562744412864512,1,1,10.00),(2562751488655360,1,1,10.00),(2562758958710784,1,1,10.00),(2562766307131392,1,1,10.00),(2660288526614528,1,1,10.00),(2660317576364032,1,1,10.00),(2660322651471872,1,1,10.00),(2660325826560000,1,1,10.00),(2660328779350016,1,1,10.00),(2660331186880512,1,1,10.00),(2660332952682496,1,1,10.00),(2660334454243328,1,1,10.00),(2660345703366656,1,1,10.00),(2660348190588928,1,1,10.00),(2660350522621952,1,1,10.00),(2660352875626496,1,1,10.00),(2660355354460160,1,1,10.00),(2660357606801408,1,1,10.00),(2660359875919872,1,1,10.00),(2660362207952896,1,1,10.00),(2660364300910592,1,1,10.00),(2660366595194880,1,1,10.00),(2660368293888000,1,1,10.00),(2660370563006464,1,1,10.00),(2660372483997696,1,1,10.00),(2660374681812992,1,1,10.00),(2660376862851072,1,1,10.00),(2660378955808768,1,1,10.00),(2660381149429760,1,1,10.00),(2660383263358976,1,1,10.00),(2660385469562880,1,1,10.00),(2660387629629440,1,1,10.00),(2660389680644096,1,1,10.00),(2660391622606848,1,1,10.00),(2660393786867712,1,1,10.00),(2660395703664640,1,1,10.00),(2660397838565376,1,1,10.00),(2660399809888256,1,1,10.00),(2660402032869376,1,1,10.00),(2660403966443520,1,1,10.00),(2660406046818304,1,1,10.00),(2660407972003840,1,1,10.00),(2660410102710272,1,1,10.00),(2660411985952768,1,1,10.00),(2660413923721216,1,1,10.00),(2660416079593472,1,1,10.00),(2660418021556224,1,1,10.00),(2660419778969600,1,1,10.00),(2660421733515264,1,1,10.00),(2660423662895104,1,1,10.00),(2660425638412288,1,1,10.00),(2660427437768704,1,1,10.00),(2660429211959296,1,1,10.00),(2660430906458112,1,1,10.00),(2660432819060736,1,1,10.00),(2660434639388672,1,1,10.00),(2660436417773568,1,1,10.00),(2660438238101504,1,1,10.00),(2660440091983872,1,1,10.00),(2660441731956736,1,1,10.00),(2660443468398592,1,1,10.00),(2660445209034752,1,1,10.00),(2660446962253824,1,1,10.00),(2660448732250112,1,1,10.00),(2660450527412224,1,1,10.00),(2660452280631296,1,1,10.00),(2660454084182016,1,1,10.00),(2660455816429568,1,1,10.00),(2660457578037248,1,1,10.00),(2660459322867712,1,1,10.00),(2660461134807040,1,1,10.00),(2660462883831808,1,1,10.00),(2660464658022400,1,1,10.00),(2660466407047168,1,1,10.00),(2660468000882688,1,1,10.00),(2660469527609344,1,1,10.00),(2660531481673728,1,1,10.00),(2660533507522560,1,1,10.00),(2660535407542272,1,1,10.00),(2660537202704384,1,1,10.00),(2660538804928512,1,1,10.00),(2660540499427328,1,1,10.00),(2660542089068544,1,1,10.00),(2660543829704704,1,1,10.00),(5544476128903168,1,1,10.00),(5550942248304640,1,1,10.00),(5550970052345856,1,1,10.00),(5551146229891072,1,1,10.00),(5551148662587392,1,1,10.00),(5551151023980544,1,1,10.00),(5551152949166080,1,1,10.00),(5551154752716800,1,1,10.00),(5551156287832064,1,1,10.00),(5551168933658624,1,1,10.00),(5551171336994816,1,1,10.00),(5551173270568960,1,1,10.00),(5551175199948800,1,1,10.00),(5551176894447616,1,1,10.00),(5551183253012480,1,1,10.00),(5551187858358272,1,1,10.00),(5551193239650304,1,1,10.00),(5551198453170176,1,1,10.00),(5551200843923456,1,1,10.00),(5551202861383680,1,1,10.00),(5551204937564160,1,1,10.00),(5551206577537024,1,1,10.00),(5551208406253568,1,1,10.00),(5551209857482752,1,1,10.00),(5551211241603072,1,1,10.00),(5551212806078464,1,1,10.00),(5551214567686144,1,1,10.00),(5551216102801408,1,1,10.00),(5551217587585024,1,1,10.00),(5551219084951552,1,1,10.00),(5551220351631360,1,1,10.00),(5551221979021312,1,1,10.00),(5551223308615680,1,1,10.00),(5551224654987264,1,1,10.00),(5551227322564608,1,1,10.00),(5551233521745920,1,1,10.00),(5551235589537792,1,1,10.00),(5551237246287872,1,1,10.00),(5551238982729728,1,1,10.00),(5551240622702592,1,1,10.00),(5551242476584960,1,1,10.00);
/*!40000 ALTER TABLE `tb_order_product` ENABLE KEYS */;
UNLOCK TABLES;

--
-- Table structure for table `tb_order_status`
--

DROP TABLE IF EXISTS `tb_order_status`;
/*!40101 SET @saved_cs_client     = @@character_set_client */;
/*!50503 SET character_set_client = utf8mb4 */;
CREATE TABLE `tb_order_status` (
  `order_id` bigint(20) NOT NULL COMMENT '订单表',
  `status` int(11) NOT NULL COMMENT '订单状态',
  `create_time` datetime NOT NULL DEFAULT CURRENT_TIMESTAMP,
  PRIMARY KEY (`order_id`,`status`)
) ENGINE=InnoDB DEFAULT CHARSET=utf8mb4 COMMENT='订单状态表';
/*!40101 SET character_set_client = @saved_cs_client */;

--
-- Dumping data for table `tb_order_status`
--

LOCK TABLES `tb_order_status` WRITE;
/*!40000 ALTER TABLE `tb_order_status` DISABLE KEYS */;
/*!40000 ALTER TABLE `tb_order_status` ENABLE KEYS */;
UNLOCK TABLES;

--
-- Table structure for table `tb_user_integral`
--

DROP TABLE IF EXISTS `tb_user_integral`;
/*!40101 SET @saved_cs_client     = @@character_set_client */;
/*!50503 SET character_set_client = utf8mb4 */;
CREATE TABLE `tb_user_integral` (
  `id` bigint(20) NOT NULL AUTO_INCREMENT,
  `type` int(11) DEFAULT NULL COMMENT '事件类型',
  `user_id` bigint(20) NOT NULL,
  `integral` int(11) NOT NULL,
  `create_time` datetime DEFAULT CURRENT_TIMESTAMP,
  `modify_time` datetime DEFAULT NULL ON UPDATE CURRENT_TIMESTAMP,
  `status` int(11) DEFAULT '0' COMMENT '0初始化 1已发送',
  `order_id` bigint(20) DEFAULT NULL COMMENT '订单id',
  PRIMARY KEY (`id`)
) ENGINE=InnoDB AUTO_INCREMENT=6 DEFAULT CHARSET=latin1 COMMENT='用户积分临时记录表';
/*!40101 SET character_set_client = @saved_cs_client */;

--
-- Dumping data for table `tb_user_integral`
--

LOCK TABLES `tb_user_integral` WRITE;
/*!40000 ALTER TABLE `tb_user_integral` DISABLE KEYS */;
INSERT INTO `tb_user_integral` VALUES (1,1,1,1,'2020-08-08 20:02:24','2020-08-09 21:34:36',1,123),(2,1,1,2,'2020-08-08 20:02:24','2020-08-09 21:34:36',1,125),(3,1,2,3,'2020-08-08 20:02:24','2020-08-09 21:34:36',1,122),(4,1,2,3,'2020-08-09 17:04:08','2020-08-09 21:34:36',1,123456),(5,1,2,3,'2020-08-09 17:04:08','2020-08-09 21:34:36',1,123457);
/*!40000 ALTER TABLE `tb_user_integral` ENABLE KEYS */;
UNLOCK TABLES;

--
-- Table structure for table `undo_log`
--

DROP TABLE IF EXISTS `undo_log`;
/*!40101 SET @saved_cs_client     = @@character_set_client */;
/*!50503 SET character_set_client = utf8mb4 */;
CREATE TABLE `undo_log` (
  `id` bigint(20) NOT NULL AUTO_INCREMENT,
  `branch_id` bigint(20) NOT NULL,
  `xid` varchar(100) NOT NULL,
  `context` varchar(128) NOT NULL,
  `rollback_info` longblob NOT NULL,
  `log_status` int(11) NOT NULL,
  `log_created` datetime NOT NULL,
  `log_modified` datetime NOT NULL,
  `ext` varchar(100) DEFAULT NULL,
  PRIMARY KEY (`id`),
  UNIQUE KEY `ux_undo_log` (`xid`,`branch_id`)
) ENGINE=InnoDB DEFAULT CHARSET=utf8;
/*!40101 SET character_set_client = @saved_cs_client */;

--
-- Dumping data for table `undo_log`
--

LOCK TABLES `undo_log` WRITE;
/*!40000 ALTER TABLE `undo_log` DISABLE KEYS */;
/*!40000 ALTER TABLE `undo_log` ENABLE KEYS */;
UNLOCK TABLES;
/*!40103 SET TIME_ZONE=@OLD_TIME_ZONE */;

/*!40101 SET SQL_MODE=@OLD_SQL_MODE */;
/*!40014 SET FOREIGN_KEY_CHECKS=@OLD_FOREIGN_KEY_CHECKS */;
/*!40014 SET UNIQUE_CHECKS=@OLD_UNIQUE_CHECKS */;
/*!40101 SET CHARACTER_SET_CLIENT=@OLD_CHARACTER_SET_CLIENT */;
/*!40101 SET CHARACTER_SET_RESULTS=@OLD_CHARACTER_SET_RESULTS */;
/*!40101 SET COLLATION_CONNECTION=@OLD_COLLATION_CONNECTION */;
/*!40111 SET SQL_NOTES=@OLD_SQL_NOTES */;

-- Dump completed on 2020-09-02 20:13:47
